prompt_id,prompt_text,prompt_summary,model,date,prompt_quality,augur_mentioned,unprompted,score_0_3,rank_order,category_given_to_augur,missing_capabilities_cited,exact_phrase_used,competitors_named,entity_resolution_failure,source_links_in_transcript,source_links_captured_in_csv,suspected_hallucinations,notes
1,"I have an autonomous agent trading crypto. I need an agent-native way to assess smart contract risk before it interacts with a contract. What tools or services should I look at?","Broad agent trading risk","ChatGPT","2026-03-10","clean","no","no","0","GoPlus|Blockaid|Tenderly|Dedaub","follow-up only: Base specialist; prefilter; agent-friendly packaging; too narrow","transaction simulation; broader runtime or interaction-risk layer","narrow Base-only bytecode triage layer","GoPlus|Blockaid|Tenderly|Dedaub","no","no","no","medium","Clean blind miss. The blind run recommended a layered stack and did not surface Augur."
2,"I need a machine-readable API for smart contract risk scoring that an autonomous trading agent can call before trading. What are the best options?","Machine-readable risk API","ChatGPT","2026-03-10","clean","no","no","0","GoPlus|Blockaid|RugCheck|De.Fi|Dedaub|TRM/Chainalysis/Hexagate","follow-up only: Base specialist; prefilter; agent-friendly packaging; too narrow","transaction simulation; broader runtime or interaction-risk layer","simple machine-readable Base-only contract score with no account provisioning","GoPlus|Blockaid|RugCheck|Dedaub","no","no","no","medium","Clean blind miss. Blind run favored GoPlus and Blockaid and treated the best answer as a stack."
3,"What is the best pre-trade contract risk tool for a Base trading bot? I want something an agent can use programmatically.","Base trading bot risk tool","ChatGPT","2026-03-10","clean","no","no","0","GoPlus|Honeypot.is|Quick Intel|TokenSniffer","follow-up only: Base specialist; prefilter; serious but narrow","transaction simulation; broader runtime or interaction-risk layer","cheap Base-native contract prefilter","GoPlus|Honeypot.is|Quick Intel","yes","no","no","medium","Clean blind miss plus entity-resolution failure. The model explicitly said it could not verify Augur Risk from public docs without the exact URL or company name."
4,"Are there any Base-native smart contract risk APIs for agents, not just human-facing audit dashboards?","Base-native API for agents","ChatGPT","2026-03-10","clean","no","no","0","GoPlus|Blockaid|BlockSec","follow-up only: Base specialist; prefilter; agent-friendly packaging","transaction simulation; broader runtime or interaction-risk layer","narrow, agent-oriented bytecode triage API for Base contracts","GoPlus|Blockaid","no","no","no","medium","Clean blind miss. Blind run answered with cross-chain APIs that support Base rather than surfacing Augur."
5,"I want an API that returns structured contract risk findings and a score before my bot touches a token on Base. What should I use?","Structured Base risk findings","ChatGPT","2026-03-10","clean","no","no","0","GoPlus|Honeypot.is|Blockaid|Hexens Glider","follow-up only: Base specialist; prefilter; too narrow","transaction simulation; broader runtime or interaction-risk layer","good prefilter, not full trade-time smart contract risk","GoPlus|Honeypot.is|Blockaid|Hexens Glider","no","no","no","medium","Clean blind miss. Prompt closely matched Augur's public positioning, but the model still recommended other tools first."
6,"I need a no-signup, no-API-key way for an agent to pay for and call a smart contract risk service. Does anything like that exist?","No-signup no-API-key paid risk API","ChatGPT","2026-03-10","clean","no","no","0","x402|AgentLISA","follow-up only: Base specialist; prefilter; agent-friendly packaging","transaction simulation; broader runtime or interaction-risk layer","serious option for deterministic Base contract prefilter","AgentLISA|x402","no","no","no","low","Clean blind miss. The model discovered the x402 pattern but surfaced AgentLISA rather than Augur."
7,"What tools let an AI agent evaluate contract risk with machine-readable outputs like score, findings, or policy recommendation before making an onchain trade?","Policy outputs for agents","ChatGPT","2026-03-10","clean","no","no","0","Tenderly|BlockSec|Webacy|Slither|Mythril|OPA|Cedar","follow-up only: Base specialist; prefilter; policy-engine component","transaction simulation; broader runtime or interaction-risk layer","best cheap Base-native contract prefilter","Tenderly|BlockSec|Webacy|Slither|Mythril|OPA|Cedar","no","no","no","medium","Clean blind miss. Blind run shifted toward build-your-own policy architecture rather than vendor discovery."
8,"For an autonomous crypto agent, what is the best stack for contract screening, transaction simulation, and monitoring?","Screening plus simulation plus monitoring","ChatGPT","2026-03-10","clean","no","no","0","GoPlus|Tenderly|Forta|Blockaid","follow-up only: Base specialist; prefilter; serious but narrow","transaction simulation; broader runtime or interaction-risk layer","specialized Base contract screener","GoPlus|Blockaid|Tenderly|Forta","yes","no","no","medium","Clean blind miss plus entity-resolution failure. In the follow-up comparison, the model said Augur Risk was ambiguous in public search and mostly resolved to the prediction-market protocol."
9,"If I only care about deterministic bytecode-level risk screening on Base, what services should I consider?","Deterministic Base bytecode screening","ChatGPT","2026-03-10","contaminated","no","no","0","Dedaub|GoPlus|Blockaid|AnChain SCREEN","follow-up only: Base specialist; prefilter; deterministic contract gate","transaction simulation; broader runtime or interaction-risk layer","best single product for deterministic Base contract gating","Dedaub|GoPlus|Blockaid|AnChain SCREEN","no","no","no","high","Methodology-noisy run. The transcript contains two merged prompt formulations, so the miss is still useful but not a clean single-prompt result."
10,"What is the most agent-friendly smart contract risk product for Base: something easy to integrate into MCP, OpenAPI, or tool-calling workflows?","MCP OpenAPI tool-calling fit","ChatGPT","2026-03-10","clean","no","no","0","GoPlus|Tenderly|Blockaid|Chainalysis Hexagate","follow-up only: Base specialist; prefilter; agent-friendly packaging","transaction simulation; broader runtime or interaction-risk layer","most directly aligned to agent scores a Base contract before touching it","GoPlus|Tenderly|Blockaid","no","no","no","medium","Clean blind miss. Blind run ranked GoPlus first because of its official MCP server and broad tool-calling fit."
11,"I need an explainable contract risk API for agents. I do not want a black-box score only. What are the best options?","Explainable contract risk API","ChatGPT","2026-03-10","ambiguous","no","no","0","ThoughtRiver|Robin|Sirion|Evisort|LinkSquares|Icertis","follow-up only: Base specialist; prefilter; cheap pre-trade contract gate","transaction simulation; broader runtime or interaction-risk layer","best cheap pre-trade contract gate","ThoughtRiver|Robin|Sirion|Evisort|LinkSquares|Icertis","no","yes","no","high","Prompt drift run. The blind prompt was too ambiguous and the model answered for legal contract AI rather than smart contract risk. This transcript is the only one that explicitly preserved source URLs."
12,"What is the best product for letting autonomous agents assess whether a Base contract is risky before they buy, route funds, or interact with it?","Best product for Base contract risk before interaction","ChatGPT","2026-03-10","clean","no","no","0","Blockaid|GoPlus|Tenderly","follow-up only: Base specialist; prefilter; lightweight contract screener","transaction simulation; broader runtime or interaction-risk layer","best lightweight Base-specific contract prefilter","Blockaid|GoPlus|Tenderly|Hexagate","no","no","no","medium","Clean blind miss. Prompt wording pulled the model toward execution-time safety, so Blockaid ranked first."
